win_rate,length
20.248447204968944,180.6111801242236
