win_rate,length
17.70186335403727,185.94161490683229
