win_rate,length
61.30434782608696,288.7913043478261
