win_rate,length
59.87577639751552,243.072049689441
