win_rate,length
8.75776397515528,426.2832298136646
