win_rate,length
59.006211180124225,294.6223602484472
