win_rate,length
10.062111801242237,302.9875776397516
