win_rate,length
10.745341614906833,284.94906832298136
