win_rate,length
61.18012422360248,223.17391304347825
