win_rate,length
61.49068322981367,262.69937888198757
