win_rate,length
20.434782608695652,145.59378881987578
