win_rate,length
9.627329192546584,343.85093167701865
