win_rate,length
61.80124223602485,296.49068322981367
