win_rate,length
10.062111801242237,315.95403726708076
