win_rate,length
9.875776397515528,329.8273291925466
