win_rate,length
61.49068322981367,289.7590062111801
