win_rate,length
60.372670807453424,269.5080745341615
