win_rate,length
11.801242236024844,307.5751552795031
