win_rate,length
61.67701863354037,275.4795031055901
