win_rate,length
54.96894409937888,159.15031055900621
