win_rate,length
62.91925465838509,277.8484472049689
