win_rate,length
62.29813664596273,285.3900621118012
