win_rate,length
8.695652173913043,366.3366459627329
