{
    "geps": {
        "mean": 0.8229384637995322,
        "std": 0.05373251836246396,
        "min": 0.5344112658951725,
        "max": 0.9920145495256077,
        "median": 0.828828683000401
    },
    "entropy": {
        "mean": 0.9592573457855911,
        "std": 0.03408034129437497,
        "min": 0.6311240196228027,
        "max": 0.9998310804367065
    },
    "activation": {
        "mean": 0.6020859022246324,
        "std": 0.10343606513981746,
        "min": 0.20979294893906233,
        "max": 1.0
    },
    "stability": {
        "mean": 0.9744817806482835,
        "std": 0.015964711023351418,
        "min": 0.8229166666666666,
        "max": 1.0
    }
}