{
    "geps": {
        "mean": 0.8231775387314482,
        "std": 0.054296343865358365,
        "min": 0.539163381826334,
        "max": 0.9915962521066137,
        "median": 0.8290866805812365
    },
    "entropy": {
        "mean": 0.9580603450307479,
        "std": 0.03477948053777964,
        "min": 0.6049384474754333,
        "max": 0.9998204112052917
    },
    "activation": {
        "mean": 0.6036686393650224,
        "std": 0.10469036639747582,
        "min": 0.22890409388497682,
        "max": 1.0
    },
    "stability": {
        "mean": 0.9741931590544872,
        "std": 0.01588745946976065,
        "min": 0.8463541666666666,
        "max": 1.0
    }
}