{
    "geps": {
        "mean": 0.8511936033613,
        "std": 0.054868448475783226,
        "min": 0.5885320489940317,
        "max": 0.9949825549077945,
        "median": 0.8543667414979406
    },
    "entropy": {
        "mean": 0.9424627463290325,
        "std": 0.038383960083982586,
        "min": 0.5844157338142395,
        "max": 0.9988648891448975
    },
    "activation": {
        "mean": 0.6873599747493364,
        "std": 0.11813386236122518,
        "min": 0.2920187322524701,
        "max": 1.0
    },
    "stability": {
        "mean": 0.9619641426282051,
        "std": 0.03052776336546805,
        "min": 0.67578125,
        "max": 1.0
    }
}