{
    "geps": {
        "mean": 0.8510722802410096,
        "std": 0.0527694028440291,
        "min": 0.6303791199529224,
        "max": 0.9934728480113839,
        "median": 0.853641100584975
    },
    "entropy": {
        "mean": 0.9448738416796165,
        "std": 0.037017519550566154,
        "min": 0.6568365693092346,
        "max": 0.9992192983627319
    },
    "activation": {
        "mean": 0.6840758648496206,
        "std": 0.11333589751800227,
        "min": 0.2970259919427365,
        "max": 1.0
    },
    "stability": {
        "mean": 0.9629063972072678,
        "std": 0.030317838062944906,
        "min": 0.69921875,
        "max": 1.0
    }
}