{
    "geps": {
        "mean": 0.8511790755166773,
        "std": 0.053277511897329606,
        "min": 0.6023173415032399,
        "max": 0.9938296147190077,
        "median": 0.8538146749787281
    },
    "entropy": {
        "mean": 0.9443655077310709,
        "std": 0.036992376745941434,
        "min": 0.6424582600593567,
        "max": 0.9990610480308533
    },
    "activation": {
        "mean": 0.6852669643157328,
        "std": 0.11490399985397175,
        "min": 0.28820424371479064,
        "max": 1.0
    },
    "stability": {
        "mean": 0.9624060997596153,
        "std": 0.030322492203700428,
        "min": 0.6510416666666666,
        "max": 1.0
    }
}