{
    "geps": {
        "mean": 0.8523109469551341,
        "std": 0.053537064327422244,
        "min": 0.6129993496041054,
        "max": 0.9942812989983297,
        "median": 0.8551811508598166
    },
    "entropy": {
        "mean": 0.9440811660885811,
        "std": 0.03667696482766549,
        "min": 0.6923078298568726,
        "max": 0.9991445541381836
    },
    "activation": {
        "mean": 0.6884860429896875,
        "std": 0.11553606250762544,
        "min": 0.26934598511721447,
        "max": 1.0
    },
    "stability": {
        "mean": 0.9620382612179489,
        "std": 0.030700806791013897,
        "min": 0.6796875,
        "max": 1.0
    }
}