{
    "geps": {
        "mean": 0.8520838359793443,
        "std": 0.053621490998533576,
        "min": 0.611870392761944,
        "max": 0.9934519486047754,
        "median": 0.8547862249538857
    },
    "entropy": {
        "mean": 0.9437389290332794,
        "std": 0.03725439646347225,
        "min": 0.6734694838523865,
        "max": 0.9987937211990356
    },
    "activation": {
        "mean": 0.6875426960323319,
        "std": 0.11533744498562973,
        "min": 0.30920598072125044,
        "max": 1.0
    },
    "stability": {
        "mean": 0.9628637069310898,
        "std": 0.02998963254391293,
        "min": 0.6471354166666666,
        "max": 1.0
    }
}